{
  "resolution": 20,
  "run_until": 120,
  "periodic": false,
  "pml_size": 2.0,
  "background_index": 1.0,
  "dimention": 3,
  "cell_size_y": 18.0,
  "cell_size_z": 18.0,
  "object_order": [
    "guide_1",
    "reservoir",
    "guide_2",
    "source_1",
    "opt_sensor",
    "snap_full"
  ],
  "guide_1": {
    "class": "guide",
    "index": 1.0,
    "sizes": [
      2.0,
      14.0
    ]
  },
  "reservoir": {
    "class": "voltage_reservoir",
    "sizes": [
      30.0,
      14.0,
      14.0
    ],
    "resolution": 5,
    "n_patches_per_face": [
      7,
      7
    ],
    "voltages_x_min": [],
    "voltages_x_max": [],
    "voltages_y_min": [
      0.11821624700256717,
      4.504636963259353,
      -3.5584038728036624,
      4.486494471372438,
      -1.8816854798951455,
      -0.766735510274243,
      3.2770259382044173,
      -0.908008636308387,
      0.49593687673059517,
      -4.724408867569316,
      2.5351310867480663,
      0.3814331321927824,
      -1.7026828350090781,
      2.8842870342840428,
      -1.96805170708355,
      -0.46502110519348516,
      -3.6595830275283525,
      -0.9688701355287073,
      -2.965447593238504,
      -2.3768665955815047,
      2.5036467263005253,
      -2.1959124201396008,
      -0.1480902556836492,
      4.8073719980123855,
      4.616571936637868,
      2.2478994077353365,
      0.41226855547434216,
      -2.231087959546292,
      -3.3934799122487314,
      4.699254132161325,
      0.16068585547878733,
      -3.8413438752922966,
      1.234897555375004,
      2.76683114342298,
      1.1300330105304042,
      4.172977047909027,
      -4.604071233357971,
      0.28589263260021625,
      -0.40664117114596277,
      -4.3765042085012436,
      1.4132816913937498,
      3.5263283848065683,
      0.9294101810428401,
      -2.3990255226277677,
      3.398815210314087,
      0.09495881521509375,
      0.10888884466533,
      2.530302077021779,
      -3.5207796421504343
    ],
    "voltages_y_max": [
      3.1962671911927707,
      1.8328690600325714,
      2.8709694155480108,
      -3.0838374097986474,
      3.023641611345301,
      -3.086760739427997,
      -4.184473826364873,
      3.5522697428707026,
      3.6128349617766844,
      3.7653709641658057,
      -0.2809028064120973,
      -2.2595161138628175,
      -4.929081713968337,
      1.4572089557494783,
      2.1990938350869307,
      3.3556921650027416,
      -2.1812217263545786,
      -2.847818328370264,
      1.3933138006658785,
      3.0505483314500967,
      4.636708728449708,
      -3.494751695788225,
      -0.17787611800663505,
      3.9471586219617354,
      -0.7728309305456271,
      0.895020620840481,
      -4.755093225066368,
      1.7345988715293892,
      4.190886196338225,
      3.2682532955672112,
      3.8552026670994675,
      1.6035538052052338,
      -2.544477327568224,
      2.685169988962544,
      -2.883252573924895,
      3.312748346644611,
      -4.372820774292317,
      3.2548781339355575,
      -3.354927335258987,
      -1.2485300350335815,
      -1.8326183344303573,
      1.913370352777413,
      -3.2142812182562808,
      -1.0374383778301355,
      -4.94175404892019,
      -2.3750528724989852,
      -0.7881118577104473,
      -3.9407876329267557,
      1.3315994603655774
    ],
    "voltages_z_min": [
      -1.1957573011346767,
      2.2529393807623883,
      1.538660110683944,
      -0.6877325122259386,
      3.673205056421992,
      1.32135117500167,
      3.1027435210629903,
      -1.5820527605988701,
      0.4366928966845567,
      -3.037031148852466,
      4.961411901186279,
      -2.5678453569367288,
      -2.4313253277289726,
      -4.26809927609034,
      -2.4219688100326344,
      2.6312853254405324,
      1.9789357068308133,
      -3.7132678768283056,
      -1.2376149857190577,
      -0.7907860538253706,
      1.6498424636196072,
      -0.4407103695625114,
      0.865183268255314,
      3.396846036089423,
      2.2647361031237043,
      -1.3499273649144108,
      -0.5160369065551578,
      -1.3230043030999337,
      -3.9026533599330326,
      -2.967584559126034,
      -2.161935110558689,
      -1.8586610439769782,
      -1.8695214118006231,
      0.7669971625295204,
      4.716899756197547,
      2.7466413492373203,
      2.911339481728053,
      2.5926850053957997,
      0.9698773052375644,
      4.176922571709127,
      1.89630155447081,
      0.0035643073687099402,
      -4.229161914994613,
      -0.11550772914476148,
      -2.8716900465966564,
      -3.6730370245321273,
      0.06064922529373007,
      2.8508529259695905,
      -2.0499355719448054
    ],
    "voltages_z_max": [
      2.6877175990916644,
      0.2562952316225413,
      -3.5095197662928745,
      4.649677439797358,
      -0.9836377611148253,
      -2.0476574433730423,
      3.4699837063372954,
      -3.7553966748452017,
      2.3359046107370336,
      -3.121752574345317,
      -1.0750822398741757,
      -2.6810012153786156,
      3.412279926923869,
      -1.0992544806013829,
      4.746928128822892,
      1.2526148441510676,
      1.936228347029152,
      0.2152512213241753,
      -1.9103180092440883,
      -1.0444357894757128,
      4.409341876619017,
      -2.9879679927533553,
      4.882189012202122,
      2.5830586200381846,
      -1.4021307350738974,
      1.415135895056033,
      -1.1901846070691247,
      -1.1850706736007997,
      0.03802950194529586,
      -4.832771783646229,
      -0.0642844005660379,
      4.715984134468879,
      -2.1453477121442157,
      2.4821795907661217,
      -0.57211109929505,
      -2.907189573822145,
      4.050025708181295,
      -4.83172715319787,
      -1.964910734004893,
      4.990258823239376,
      -2.378532038100105,
      3.49044521859272,
      1.0568314865570425,
      3.060357075271236,
      1.3031775544347823,
      -1.3730314294215162,
      2.607887845834825,
      -4.735154510960276,
      -0.5318704826554814
    ],
    "electrode_width_um": 0.5,
    "elastic_constants": {
      "K1": 6.4,
      "K2": 3.0,
      "K3": 10.0,
      "q0": 0.0,
      "epsilon_a": 12.7
    },
    "eps_perp_dc": 7.0,
    "eps_a_dc": 12.7,
    "n_o": 1.531,
    "n_e": 1.706,
    "S": 1.0,
    "skip_lc_relax": null,
    "lc_gradient_scheme": "mma3d",
    "maxeval": 5000,
    "f_tolerance": 1e-06,
    "optimize_phi_theta": [
      true,
      true
    ],
    "boundary_function": null,
    "_comment": "5CB material constants. 4 sites = lateral faces (y_min/y_max/z_min/z_max). Each holds a 7x7 patch grid, so 4*49 = 196 patches = 14*14 MNIST pixels.",
    "lc_mode": "mma3d",
    "lc_relax_maxeval": 2000,
    "lc_relax_xtol": 1e-05
  },
  "guide_2": {
    "class": "guide",
    "index": 1.0,
    "sizes": [
      2.0,
      14.0
    ]
  },
  "source_1": {
    "class": "source",
    "position": {
      "on_object": "guide_1",
      "position": "center",
      "size": [
        14.0,
        14.0
      ]
    },
    "amplitude": 1.0,
    "component": "Ey",
    "source_type": "continuous",
    "lam": 0.532,
    "dlam": 0.0
  },
  "opt_sensor": {
    "class": "monitor",
    "type": "2Ddft",
    "on_object": "guide_2",
    "position": {
      "position": "left",
      "size": [
        14.0,
        14.0
      ]
    },
    "lam_range": [
      0.532,
      0.532
    ],
    "n_lam": 1
  },
  "snap_full": {
    "class": "monitor",
    "type": "3Ddft",
    "on_object": "reservoir",
    "position": {
      "position": "center",
      "size": 14.0
    },
    "lam_range": [
      0.532,
      0.532
    ],
    "n_lam": 1
  },
  "validation_parameters": {
    "use_meep": false
  },
  "_comments": {
    "geometry": "Reservoir 30 x 14 x 14 um. Light propagates +x (30 um propagation budget, ~56 wavelengths at lam=0.532). Four lateral faces (y_min, y_max, z_min, z_max) each (30 x 14) um, divided into 7x7 = 49 patches per face (so each patch is (30/7 = 4.29) x (14/7 = 2.0) um). 4*49 = 196 patches = 14x14 MNIST pixels. MNIST mapping: image quadrants Q1/Q2/Q3/Q4 (each 7x7) onto faces y_min/y_max/z_min/z_max respectively (locality preserved).",